[
    {
        "id": "4122f99ecb01ca95",
        "type": "ui_template",
        "z": "ba837778249e55f2",
        "group": "d30f440ffd2a5f84",
        "name": "Local",
        "order": 6,
        "width": 4,
        "height": 3,
        "format": "<!-- Botão para obter localização -->\n<button id=\"obter-localizacao\" style=\"font-size: 16px; padding: 10px; margin-top: 10px;\">Obter Localização Atual</button>\n\n<!-- Espaço para exibir as coordenadas -->\n<div id=\"localizacao\" style=\"margin-top: 10px;\">\n    <p><strong>Latitude:</strong> <span id=\"latitude\">Aguardando...</span></p>\n    <p><strong>Longitude:</strong> <span id=\"longitude\">Aguardando...</span></p>\n</div>\n\n<script>\n    (function(scope) {\n        // Variável para controlar o estado\n        let ligado = true;\n\n        // Função para atualizar o estado do botão Liga/Desliga\n        scope.$watch('msg.payload', function(newValue) {\n            if (newValue !== undefined) {\n                ligado = newValue; // Atualiza o estado com true ou false\n                if (!ligado) {\n                    // Limpa as informações de localização se estiver desligado\n                    document.getElementById('latitude').innerText = 'Aguardando...';\n                    document.getElementById('longitude').innerText = 'Aguardando...';\n                }\n            }\n        });\n\n        // Função para obter localização\n        document.getElementById('obter-localizacao').addEventListener('click', function() {\n            if (!ligado) {\n                alert(\"A função está desligada. Ligue para obter localização.\");\n                return;\n            }\n\n            if (\"geolocation\" in navigator) {\n                navigator.geolocation.getCurrentPosition(function(position) {\n                    var latitude = position.coords.latitude;\n                    var longitude = position.coords.longitude;\n\n                    // Atualizar a página com as coordenadas\n                    document.getElementById('latitude').innerText = latitude;\n                    document.getElementById('longitude').innerText = longitude;\n\n                    // Enviar as coordenadas para o Node-RED\n                    var msg = {\n                        payload: {\n                            latitude: latitude,\n                            longitude: longitude\n                        }\n                    };\n                    scope.send(msg); // Envia a mensagem para o Node-RED\n                }, function(error) {\n                    alert('Erro ao obter localização: ' + error.message);\n                });\n            } else {\n                alert(\"Geolocalização não suportada.\");\n            }\n        });\n    })(scope);\n</script>",
        "storeOutMessages": true,
        "fwdInMessages": true,
        "resendOnRefresh": true,
        "templateScope": "local",
        "x": 530,
        "y": 560,
        "wires": [
            []
        ]
    },
    {
        "id": "d30f440ffd2a5f84",
        "type": "ui_group",
        "name": "Botões",
        "tab": "6f54206574f38a91",
        "order": 1,
        "disp": false,
        "width": 4,
        "collapse": false
    },
    {
        "id": "6f54206574f38a91",
        "type": "ui_tab",
        "name": "Micro Estação Meteorológica Automática com Tecnologia IoT - Desenvolvida por: Rian dos Santos Marques - Orientador: Marlon Lucas Gomes Salmento - TCC 2",
        "icon": "dashboard",
        "order": 1,
        "disabled": false,
        "hidden": false
    }
]